<?xml version='1.0' encoding='utf-8'?>
<!DOCTYPE hibernate-configuration PUBLIC
"-//Hibernate/Hibernate Configuration DTD 3.0//EN"
"http://www.hibernate.org/dtd/hibernate-configuration-3.0.dtd">
<hibernate-configuration>       
  <session-factory>
    <!-- Database connection settings -->
    <property name="connection.driver_class">com.mysql.cj.jdbc.Driver</property>
    <property name="connection.url">jdbc:mysql://localhost:3306/ecommerce</property>
    <property name="connection.username">root</property>
    <property name="connection.password">Uttam@205001</property>
    
    <!-- <property name="hibernate.hbm2ddl.auto=create">create</property> -->
    
    <mapping resource="com/simpli/Eproduct.hbm.xml" />
    
    <mapping resource="com/simpli/Color.hbm.xml" />
    <mapping resource="com/simpli/OS.hbm.xml" />
    <mapping resource="com/simpli/Finance.hbm.xml" />
    <mapping resource="com/simpli/ScreenSize.hbm.xml" />
    
  </session-factory>
</hibernate-configuration>